"Model no","Item Name","Qty Sold","Item Cost","Retail Price","Extended Cost","Total Revenue","Gross Profit","Gross Profit%","Sale Mode",Size,"Product No","Product color"
10443502,"HOOD NCSU/WLFHD HTHR WHT SM",30,34.82,69.99,1044.6,2021.52,976.92,0.502500357,In-store,SM,104435,WHT
10443503,"HOOD NCSU/WLFHD HTHR WHT MED",60,34.36705882,69.99,2084.34,3868.07,1783.73,0.508929847,In-store,MED,104435,WHT
10443504,"HOOD NCSU/WLFHD HTHR WHT LG",48,34.82,69.99,1671.36,3314.86,1643.5,0.502500357,In-store,LG,104435,WHT
10443505,"HOOD NCSU/WLFHD HTHR WHT XL",24,32.90136364,69.99,823.24,1656.15,832.91,0.529932848,In-store,XL,104435,WHT
10443506,"HOOD NCSU/WLFHD HTHR WHT XXL",8,33.34444444,69.99,274.65,517.92,243.27,0.523646235,In-store,XXL,104435,WHT
10453002,"HOOD NCSU/WLFHD HTHR BLK SM",21,33.97545455,69.99,725.45,1400.99,675.54,0.514502072,In-store,SM,104530,"HTHR BLK"
10453003,"HOOD NCSU/WLFHD HTHR BLK MED",42,33.452,69.99,1456.51,2874.22,1417.71,0.522074582,In-store,MED,104530,"HTHR BLK"
10453004,"HOOD NCSU/WLFHD HTHR BLK LG",45,34.26481481,69.99,1560.89,3134.1,1573.21,0.5105015,In-store,LG,104530,"HTHR BLK"
10453005,"HOOD NCSU/WLFHD HTHR BLK XL",27,34.1837931,69.99,936.05,1879.73,943.68,0.511644521,In-store,XL,104530,"HTHR BLK"
10453006,"HOOD NCSU/WLFHD HTHR BLK XXL",10,33.66333333,69.99,346.29,643.21,296.92,0.519074154,In-store,XXL,104530,"HTHR BLK"
10463202,"HOOD NCSU HTHR GRY SM",37,34.59142857,69.99,1234.06,2575.69,1341.63,0.505786541,In-store,SM,104632,"HTHR GRY"
10463203,"HOOD NCSU HTHR GRY MED",60,34.62,69.99,1991.23,4071.82,2080.59,0.505357908,In-store,MED,104632,"HTHR GRY"
10463204,"HOOD NCSU HTHR GRY LG",67,34.31423077,69.99,2221.92,4505.59,2283.67,0.509787112,In-store,LG,104632,"HTHR GRY"
10463205,"HOOD NCSU HTHR GRY XL",41,34.21,69.99,1376.93,2768.4,1391.47,0.511215888,In-store,XL,104632,"HTHR GRY"
10463206,"HOOD NCSU HTHR GRY XXL",13,34.21,69.99,430.7,883.17,452.47,0.511215888,In-store,XXL,104632,"HTHR GRY"
10474202,"HOOD NCSU HTHR TAUPE SM",22,34.23133333,69.99,766.04,1510.28,744.24,0.510930133,In-store,SM,104742,TAUPE
10474203,"HOOD NCSU HTHR TAUPE MED",37,34.27454545,69.99,1288.34,2465.64,1177.3,0.510358623,In-store,MED,104742,TAUPE
10474204,"HOOD NCSU HTHR TAUPE LG",43,34.22310345,69.99,1497.26,2950.79,1453.53,0.51107301,In-store,LG,104742,TAUPE
10474205,"HOOD NCSU HTHR TAUPE XL",21,34.36518519,69.99,731.22,1465.67,734.45,0.508929847,In-store,XL,104742,TAUPE
10474206,"HOOD NCSU HTHR TAUPE XXL",11,34.332,69.99,383.02,767.37,384.35,0.509501357,In-store,XXL,104742,TAUPE
1206502,"HOOD WBBALL PINK/BLK SM",21,15.85,35.99,332.85,503.79,170.94,0.559599889,In-store,SM,12065,PINK/BLK
1206503,"HOOD WBBALL PINK/BLK MED",42,15.85,35.99,665.7,962.65,296.95,0.559599889,In-store,MED,12065,PINK/BLK
1206504,"HOOD WBBALL PINK/BLK LG",38,15.85,35.99,602.3,741.33,139.03,0.559599889,In-store,LG,12065,PINK/BLK
1206505,"HOOD WBBALL PINK/BLK XL",23,15.85,35.99,364.55,493.02,128.47,0.559599889,In-store,XL,12065,PINK/BLK
1206506,"HOOD WBBALL PINK/BLK XXL",11,15.85,35.99,174.35,305.89,131.54,0.559599889,In-store,XXL,12065,PINK/BLK
12454203,HOOD,1,29.68,62.99,29.68,15.75,-13.93,0.528814098,In-store,MED,124542,Unknown
12483202,"STADIUM HOOD GRY SM",20,38.42666667,76.99,756,1503.08,747.08,0.500844266,In-store,SM,124832,GRY
12483203,"STADIUM HOOD GRY MED",39,38.41333333,76.99,1475.15,2966,1490.85,0.50110404,In-store,MED,124832,GRY
12483204,"STADIUM HOOD GRY LG",49,38.445,76.99,1854.73,3748.3,1893.57,0.500584492,In-store,LG,124832,GRY
12483205,"STADIUM HOOD GRY XL",31,38.48,76.99,1173.97,2327.94,1153.97,0.500194831,In-store,XL,124832,GRY
12483206,"STADIUM HOOD GRY XXL",6,38.19,76.99,224.77,434.99,210.22,0.503961553,In-store,XXL,124832,GRY
12496002,"STADIUM HOOD RED SM",20,38.48,76.99,757.4,1484.19,726.79,0.500194831,In-store,SM,124960,RED
12496003,"STADIUM HOOD RED MED",37,38.523,76.99,1420.8,2777.36,1356.56,0.499675283,In-store,MED,124960,RED
12496004,"STADIUM HOOD RED LG",41,38.635,76.99,1567.35,3088.84,1521.49,0.498116639,In-store,LG,124960,RED
12496005,"STADIUM HOOD RED XL",29,38.59466667,76.99,1108.81,2228.49,1119.68,0.498766074,In-store,XL,124960,RED
12496006,"STADIUM HOOD RED XXL",8,38.635,76.99,304.49,606.07,301.58,0.498116639,In-store,XXL,124960,RED
1253201,"RWHOOD SILV GRY XS",5,33.16,69.99,165.8,349.95,184.15,0.526218031,In-store,XS,12532,"SILV GRY"
1253202,"RWHOOD SILV GRY SM",27,33.16,69.99,895.32,1827.79,932.47,0.526218031,In-store,SM,12532,"SILV GRY"
1253203,"RWHOOD SILV GRY MED",50,33.16,69.99,1658,3490.88,1832.88,0.526218031,In-store,MED,12532,"SILV GRY"
1253204,"RWHOOD SILV GRY LG",58,33.16,69.99,1923.28,4052.43,2129.15,0.526218031,In-store,LG,12532,"SILV GRY"
1253205,"RWHOOD SILV GRY XL",33,33.16,69.99,1094.28,2285.44,1191.16,0.526218031,In-store,XL,12532,"SILV GRY"
1253206,"RWHOOD SILV GRY XXL",8,33.16,69.99,265.28,542.42,277.14,0.526218031,In-store,XXL,12532,"SILV GRY"
1293201,"RWHOOD APP SLV GRY XS",3,40.84,82.99,123.18,248.97,125.79,0.507892517,In-store,XS,12932,GRY
1293202,"RWHOOD APP SLV GRY SM",45,40.83857143,82.99,1810.94,3478.77,1667.83,0.507892517,In-store,SM,12932,GRY
1293203,"RWHOOD APP SLV GRY MED",70,40.82714286,82.99,2805.58,5620.84,2815.26,0.508013014,In-store,MED,12932,GRY
1293204,"RWHOOD APP SLV GRY LG",64,40.84,82.99,2571.29,5259.53,2688.24,0.507892517,In-store,LG,12932,GRY
1293205,"RWHOOD APP SLV GRY XL",46,40.827,82.99,1842.68,3778.54,1935.86,0.508013014,In-store,XL,12932,GRY
1293206,"RWHOOD APP SLV GRY XXL",11,40.84,82.99,442.92,912.89,469.97,0.507892517,In-store,XXL,12932,GRY
1303002,"RWHOOD NCST/WP BLK SM",10,33.16,69.99,331.6,633.4,301.8,0.526218031,In-store,SM,13030,BLK
1303003,"RWHOOD NCST/WP BLK MED",16,33.16,69.99,530.56,1057.84,527.28,0.526218031,In-store,MED,13030,BLK
1303004,"RWHOOD NCST/WP BLK LG",16,33.16,69.99,530.56,1090.34,559.78,0.526218031,In-store,LG,13030,BLK
1303005,"RWHOOD NCST/WP BLK XL",15,33.16,69.99,497.4,920.35,422.95,0.526218031,In-store,XL,13030,BLK
1303006,"RWHOOD NCST/WP BLK XXL",6,33.16,69.99,198.96,346.44,147.48,0.526218031,In-store,XXL,13030,BLK
1448003,"UPCYCLED NCST HOOD ASST MED",5,36.59,74.99,182.95,317.45,134.5,0.512068276,In-store,MED,14480,ASST
1448004,"UPCYCLED NCST HOOD ASST LG",4,36.59,74.99,146.36,247.46,101.1,0.512068276,In-store,LG,14480,ASST
1448005,"UPCYCLED NCST HOOD ASST XL",3,36.59,74.99,109.77,198.72,88.95,0.512068276,In-store,XL,14480,ASST
1448006,"UPCYCLED NCST HOOD ASST XXL",2,36.59,74.99,82.92,123.73,40.81,0.512068276,In-store,XXL,14480,ASST
16573202,"FZIP HOOD GRY SM",1,29.33,63.99,29.33,16,-13.33,0.541647132,In-store,SM,165732,GRY
16573203,"FZIP HOOD GRY MED",7,29.33,63.99,205.31,112,-93.31,0.541647132,In-store,MED,165732,GRY
16573204,"FZIP HOOD GRY LG",3,29.33,63.99,87.99,48,-39.99,0.541647132,In-store,LG,165732,GRY
16573206,"FZIP HOOD GRY XXL",4,29.33,63.99,117.32,64,-53.32,0.541647132,In-store,XXL,165732,GRY
20226002,"PROMO HOOD WLFHD RED SM",12,15.125,34.99,211.75,419.88,208.13,0.56759074,In-store,SM,202260,RED
20226003,"PROMO HOOD WLFHD RED MED",21,15.125,34.99,317.63,734.79,417.16,0.56759074,In-store,MED,202260,RED
20226004,"PROMO HOOD WLFHD RED LG",32,15.125,34.99,483.99,1119.68,635.69,0.56759074,In-store,LG,202260,RED
20226005,"PROMO HOOD WLFHD RED XL",25,15.125,34.99,378.13,874.75,496.62,0.56759074,In-store,XL,202260,RED
20226006,"PROMO HOOD WLFHD RED XXL",15,15.125,34.99,226.88,524.85,297.97,0.56759074,In-store,XXL,202260,RED
20233002,"PROMO HOOD WLFHD BLK SM",17,15.13,34.99,257.14,594.83,337.69,0.56759074,In-store,SM,202330,BLK
20233003,"PROMO HOOD WLFHD BLK MED",41,15.13,34.99,620.13,1434.59,814.46,0.56759074,In-store,MED,202330,BLK
20233004,"PROMO HOOD WLFHD BLK LG",51,15.125,34.99,771.38,1784.49,1013.11,0.56759074,In-store,LG,202330,BLK
20233005,"PROMO HOOD WLFHD BLK XL",49,15.12,34.99,741.13,1714.51,973.38,0.567876536,In-store,XL,202330,BLK
20233006,"PROMO HOOD WLFHD BLK XXL",13,15.125,34.99,196.63,454.87,258.24,0.56759074,In-store,XXL,202330,BLK
20233007,"PROMO HOOD WLFHD BLK 3XL",9,17.56,36.99,158.04,332.91,174.87,0.525277102,In-store,3XL,202330,BLK
20243202,"PROMO HOOD WLFHD ASH GRY SM",17,17.56,34.99,257.13,594.83,337.7,0.498142326,In-store,SM,202432,"ASH GRY"
20243203,"PROMO HOOD WLFHD ASH GRY MED",36,15.12,34.99,544.51,1247.39,702.88,0.567876536,In-store,MED,202432,"ASH GRY"
20243204,"PROMO HOOD WLFHD ASH GRY LG",44,15.125,34.99,665.49,1539.56,874.07,0.56759074,In-store,LG,202432,"ASH GRY"
20243205,"PROMO HOOD WLFHD ASH GRY XL",39,15.12333333,34.99,589.88,1364.61,774.73,0.567876536,In-store,XL,202432,"ASH GRY"
20243206,"PROMO HOOD WLFHD ASH GRY XXL",11,15.12333333,34.99,166.38,384.89,218.51,0.567876536,In-store,XXL,202432,"ASH GRY"
21466002,"OHT HOODIE RED/CAMO SM",1,33,70,33,17.5,-15.5,0.528571429,In-store,SM,214660,RED/CAMO
21473202,"OHT HOODIE LT. GRY SM",1,34,72,34,18,-16,0.527777778,In-store,SM,214732,GRY
21473203,"OHT HOODIE LT. GRY MED",2,34,72,68,36,-32,0.527777778,In-store,MED,214732,GRY
21473204,"OHT HOODIE LT. GRY LG",1,34,72,34,18,-16,0.527777778,In-store,LG,214732,GRY
21473205,"OHT HOODIE LT. GRY XL",1,34,72,34,18,-16,0.527777778,In-store,XL,214732,GRY
21473207,"OHT HOODIE LT. GRY 3XL",1,36.5,72,36.5,18,-18.5,0.493055556,In-store,3XL,214732,GRY
21676002,"HOOD SWEAT WLFHD RED/BLK SM",3,26.25,59.99,78.75,158.97,80.22,0.562427071,In-store,SM,216760,RED/BLK
21676003,"HOOD SWEAT WLFHD RED/BLK MED",10,26.25,59.99,262.5,524.9,262.4,0.562427071,In-store,MED,216760,RED/BLK
21676004,"HOOD SWEAT WLFHD RED/BLK LG",8,26.25,59.99,210,413.92,203.92,0.562427071,In-store,LG,216760,RED/BLK
21676005,"HOOD SWEAT WLFHD RED/BLK XL",5,26.25,59.99,131.25,233.95,102.7,0.562427071,In-store,XL,216760,RED/BLK
21676006,"HOOD SWEAT WLFHD RED/BLK XXL",3,26.25,59.99,78.75,143.97,65.22,0.562427071,In-store,XXL,216760,RED/BLK
21683003,"FLEECE HOOD APPLQ BLK/RD MED",6,0,59.99,0,90,90,1,In-store,MED,216830,BLK/RD
21683004,"FLEECE HOOD APPLQ BLK/RD LG",20,0,59.99,0,300,300,1,In-store,LG,216830,BLK/RD
21683005,"FLEECE HOOD APPLQ BLK/RD XL",15,0,59.99,0,224,224,1,In-store,XL,216830,BLK/RD
21683006,"FLEECE HOOD APPLQ BLK/RD XXL",3,0,59.99,0,45,45,1,In-store,XXL,216830,BLK/RD
21683002,"HOOD SWEAT WLFHD BLK/RED SM",7,26.25,59.99,183.75,389.93,206.18,0.562427071,In-store,SM,216830,BLK/RED
21683003,"HOOD SWEAT WLFHD BLK/RED MED",13,26.25,59.99,341.25,699.21,357.96,0.562427071,In-store,MED,216830,BLK/RED
21683004,"HOOD SWEAT WLFHD BLK/RED LG",20,26.25,59.99,525,1088.8,563.8,0.562427071,In-store,LG,216830,BLK/RED
21683005,"HOOD SWEAT WLFHD BLK/RED XL",9,26.25,59.99,236.25,456.52,220.27,0.562427071,In-store,XL,216830,BLK/RED
21683006,"HOOD SWEAT WLFHD BLK/RED XXL",5,26.25,59.99,131.25,278.95,147.7,0.562427071,In-store,XXL,216830,BLK/RED
21696002,"POLY FLEECE HOOD RD/BLK SM",4,24,55.99,48,151.93,103.93,0.571352027,In-store,SM,216960,RD/BLK
21696003,"POLY FLEECE HOOD RD/BLK MED",6,24,55.99,144,335.94,191.94,0.571352027,In-store,MED,216960,RD/BLK
21696004,"POLY FLEECE HOOD RD/BLK LG",3,24,55.99,72,167.97,95.97,0.571352027,In-store,LG,216960,RD/BLK
21696005,"POLY FLEECE HOOD RD/BLK XL",7,24,55.99,168,391.93,223.93,0.571352027,In-store,XL,216960,RD/BLK
21696006,"POLY FLEECE HOOD RD/BLK XXL",4,24,55.99,96,223.96,127.96,0.571352027,In-store,XXL,216960,RD/BLK
21834202,"BIG STRIPE HOOD OAT/RD SM",5,31.25,66.99,156.25,273,116.75,0.533512465,In-store,SM,218342,OAT/RD
21834203,"BIG STRIPE HOOD OAT/RD MED",13,31.25,66.99,406.25,798.21,391.96,0.533512465,In-store,MED,218342,OAT/RD
21834204,"BIG STRIPE HOOD OAT/RD LG",8,31.25,66.99,250,477.34,227.34,0.533512465,In-store,LG,218342,OAT/RD
21834205,"BIG STRIPE HOOD OAT/RD XL",11,31.25,66.99,343.75,657.94,314.19,0.533512465,In-store,XL,218342,OAT/RD
21834206,"BIG STRIPE HOOD OAT/RD XXL",6,31.25,66.99,187.5,368.44,180.94,0.533512465,In-store,XXL,218342,OAT/RD
21846002,"BIG STRIPE HOOD RD/BLK SM",3,31.25,66.99,93.75,144.02,50.27,0.533512465,In-store,SM,218460,RD/BLK
21846003,"BIG STRIPE HOOD RD/BLK MED",9,31.25,66.99,281.25,556.01,274.76,0.533512465,In-store,MED,218460,RD/BLK
21846004,"BIG STRIPE HOOD RD/BLK LG",7,31.25,66.99,218.75,468.93,250.18,0.533512465,In-store,LG,218460,RD/BLK
21846005,"BIG STRIPE HOOD RD/BLK XL",6,31.25,66.99,187.5,339.99,152.49,0.533512465,In-store,XL,218460,RD/BLK
23033202,"MENS RW HOOD SILV HTHR SM",2,36.25,78.99,72.5,157.98,85.48,0.54108115,In-store,SM,230332,HTHR
23033203,"MENS RW HOOD SILV HTHR MED",14,36.25,78.99,507.5,1068.21,560.71,0.54108115,In-store,MED,230332,HTHR
23033204,"MENS RW HOOD SILV HTHR LG",8,36.25,78.99,290,567.82,277.82,0.54108115,In-store,LG,230332,HTHR
23033205,"MENS RW HOOD SILV HTHR XL",5,36.25,78.99,181.25,367.3,186.05,0.54108115,In-store,XL,230332,HTHR
23033206,"MENS RW HOOD SILV HTHR XXL",1,36.25,78.99,36.25,78.99,42.74,0.54108115,In-store,XXL,230332,HTHR
23043002,"MENS RW HOOD BLK SM",6,36.25,78.99,217.5,421.54,204.04,0.54108115,In-store,SM,230430,BLK
23043003,"MENS RW HOOD BLK MED",6,36.25,78.99,217.5,468.94,251.44,0.54108115,In-store,MED,230430,BLK
23043004,"MENS RW HOOD BLK LG",12,36.25,78.99,435,864.93,429.93,0.54108115,In-store,LG,230430,BLK
23043005,"MENS RW HOOD BLK XL",7,36.25,78.99,253.75,505.53,251.78,0.54108115,In-store,XL,230430,BLK
23043006,"MENS RW HOOD BLK XXL",2,36.25,78.99,72.5,130.33,57.83,0.54108115,In-store,XXL,230430,BLK
25176002,"BLEND FULLZIP HOODIE RD SM",8,26,56,208,431.2,223.2,0.535714286,In-store,SM,251760,RD
25176003,"BLEND FULLZIP HOODIE RD MED",18,26,56,468,868,400,0.535714286,In-store,MED,251760,RD
25176004,"BLEND FULLZIP HOODIE RD LG",13,26,56,338,639,301,0.535714286,In-store,LG,251760,RD
25176005,"BLEND FULLZIP HOODIE RD XL",9,26,56,234,392,158,0.535714286,In-store,XL,251760,RD
25176006,"BLEND FULLZIP HOODIE RD XXL",7,26,56,182,324.8,142.8,0.535714286,In-store,XXL,251760,RD
25176007,"BLEND FULLZIP HOODIE RD 3XL",4,28,56,112,207.2,95.2,0.5,In-store,3XL,251760,RD
25203202,"HOODED 3",2,26,55,52,110,58,0.527272727,In-store,SM,252032,Unknown
25203203,"HOODED 3",5,26,55,130,258.5,128.5,0.527272727,In-store,MED,252032,Unknown
25203204,"HOODED 3",5,26,55,130,258.5,128.5,0.527272727,In-store,LG,252032,Unknown
25203205,"HOODED 3",6,26,55,156,297,141,0.527272727,In-store,XL,252032,Unknown
25203206,"HOODED 3",3,26,55,78,148.5,70.5,0.527272727,In-store,XXL,252032,Unknown
25213202,"SPECKLE FLC HOODIE CHAR GRY SM",10,27.5,65,275,559,284,0.576923077,In-store,SM,252132,"CHAR GRY"
25213203,"SPECKLE FLC HOODIE CHAR GRY MED",13,27.5,65,357.5,817.25,459.75,0.576923077,In-store,MED,252132,"CHAR GRY"
25213204,"SPECKLE FLC HOODIE CHAR GRY LG",16,27.5,65,440,1022.3,582.3,0.576923077,In-store,LG,252132,"CHAR GRY"
25213205,"SPECKLE FLC HOODIE CHAR GRY XL",15,27.5,65,412.5,975,562.5,0.576923077,In-store,XL,252132,"CHAR GRY"
25213206,"SPECKLE FLC HOODIE CHAR GRY XXL",5,27.5,65,137.5,302.25,164.75,0.576923077,In-store,XXL,252132,"CHAR GRY"
25226002,"ADULT BLEND FLC HOODIE RD SM",3,24,55,72,165,93,0.563636364,In-store,SM,252260,RD
25226003,"ADULT BLEND FLC HOODIE RD MED",3,24,55,72,165,93,0.563636364,In-store,MED,252260,RD
25226004,"ADULT BLEND FLC HOODIE RD LG",4,24,55,96,220,124,0.563636364,In-store,LG,252260,RD
25226005,"ADULT BLEND FLC HOODIE RD XL",6,24,55,144,330,186,0.563636364,In-store,XL,252260,RD
25226006,"ADULT BLEND FLC HOODIE RD XXL",2,24,55,48,110,62,0.563636364,In-store,XXL,252260,RD
25226007,"ADULT BLEND FLC HOODIE RD 3XL",2,26,55,52,110,58,0.527272727,In-store,3XL,252260,RD
25233202,"ADULT BLEND FLC HOODIE GRY SM",6,24,55,144,330,186,0.563636364,In-store,SM,252332,GRY
25233203,"ADULT BLEND FLC HOODIE GRY MED",12,24,55,288,660,372,0.563636364,In-store,MED,252332,GRY
25233204,"ADULT BLEND FLC HOODIE GRY LG",11,24,55,264,605,341,0.563636364,In-store,LG,252332,GRY
25233205,"ADULT BLEND FLC HOODIE GRY XL",7,24,55,168,385,217,0.563636364,In-store,XL,252332,GRY
25233206,"ADULT BLEND FLC HOODIE GRY XXL",3,24,55,72,165,93,0.563636364,In-store,XXL,252332,GRY
25233207,"ADULT BLEND FLC HOODIE GRY 3XL",1,26,55,26,55,29,0.527272727,In-store,3XL,252332,GRY
25246002,"ADULT HOCKEY HOODIE RD/BL/WHT SM",1,32,68,32,68,36,0.529411765,In-store,SM,252460,RD/BL/WHT
25246003,"ADULT HOCKEY HOODIE RD/BL/WHT MED",5,32,68,160,322.33,162.33,0.529411765,In-store,MED,252460,RD/BL/WHT
25246004,"ADULT HOCKEY HOODIE RD/BL/WHT LG",3,32,68,96,180.2,84.2,0.529411765,In-store,LG,252460,RD/BL/WHT
25246005,"ADULT HOCKEY HOODIE RD/BL/WHT XL",3,32,68,96,180.2,84.2,0.529411765,In-store,XL,252460,RD/BL/WHT
25246006,"ADULT HOCKEY HOODIE RD/BL/WHT XXL",3,32,68,96,204,108,0.529411765,In-store,XXL,252460,RD/BL/WHT
25246007,"ADULT HOCKEY HOODIE RD/BL/WHT 3XL",2,34,68,68,136,68,0.5,In-store,3XL,252460,RD/BL/WHT
25263002,"ADULT POLY FLC PULLOVER HOOD BLK SM",11,25.5,55,280.5,605,324.5,0.536363636,In-store,SM,252630,BLK
25263003,"ADULT POLY FLC PULLOVER HOOD BLK MED",14,25.5,55,357,770,413,0.536363636,In-store,MED,252630,BLK
25263004,"ADULT POLY FLC PULLOVER HOOD BLK LG",25,25.5,55,637.5,1375,737.5,0.536363636,In-store,LG,252630,BLK
25263005,"ADULT POLY FLC PULLOVER HOOD BLK XL",17,25.5,55,433.5,935,501.5,0.536363636,In-store,XL,252630,BLK
25263006,"ADULT POLY FLC PULLOVER HOOD BLK XXL",8,25.5,55,204,440,236,0.536363636,In-store,XXL,252630,BLK
25263007,"ADULT POLY FLC PULLOVER HOOD BLK 3XL",2,27.5,55,55,110,55,0.5,In-store,3XL,252630,BLK
25276002,"MARLED POLY FLEECE HOODIE RD/BLK SM",7,25.5,55,178.5,385,206.5,0.536363636,In-store,SM,252760,RD/BLK
25276003,"MARLED POLY FLEECE HOODIE RD/BLK MED",6,25.5,55,153,330,177,0.536363636,In-store,MED,252760,RD/BLK
25276004,"MARLED POLY FLEECE HOODIE RD/BLK LG",13,25.5,55,331.5,715,383.5,0.536363636,In-store,LG,252760,RD/BLK
25276005,"MARLED POLY FLEECE HOODIE RD/BLK XL",12,12.75,55,331.5,660,328.5,0.768181818,In-store,XL,252760,RD/BLK
25276006,"MARLED POLY FLEECE HOODIE RD/BLK XXL",8,12.75,55,204,440,236,0.768181818,In-store,XXL,252760,RD/BLK
25276007,"MARLED POLY FLEECE HOODIE RD/BLK 3XL",1,27.5,55,27.5,55,27.5,0.5,In-store,3XL,252760,RD/BLK
25286002,"POLY FLEECE FZIP HOODIE RD/BLK SM",5,28.5,58,142.5,290,147.5,0.50862069,In-store,SM,252860,RD/BLK
25286003,"POLY FLEECE FZIP HOODIE RD/BLK MED",9,28.5,58,285,522,237,0.50862069,In-store,MED,252860,RD/BLK
25286004,"POLY FLEECE FZIP HOODIE RD/BLK LG",12,28.5,58,342,696,354,0.50862069,In-store,LG,252860,RD/BLK
25286005,"POLY FLEECE FZIP HOODIE RD/BLK XL",11,28.5,58,313.5,638,324.5,0.50862069,In-store,XL,252860,RD/BLK
25286006,"POLY FLEECE FZIP HOODIE RD/BLK XXL",7,28.5,58,199.5,406,206.5,0.50862069,In-store,XXL,252860,RD/BLK
25286007,"POLY FLEECE FZIP HOODIE RD/BLK 3XL",2,28.5,58,61,116,55,0.50862069,In-store,3XL,252860,RD/BLK
28023002,"HOOD SWEAT",1,28.5,52.99,0,13.25,13.25,0.462162672,In-store,SM,280230,Unknown
30696002,"HOOD SWEAT WP DAD RED SM",1,28.35,59.99,28.35,59.99,31.64,0.527421237,In-store,SM,306960,RED
30696003,"HOOD SWEAT WP DAD RED MED",6,28.35,59.99,170.1,299.94,129.84,0.527421237,In-store,MED,306960,RED
30696004,"HOOD SWEAT WP DAD RED LG",11,28.35,59.99,311.85,524.89,213.04,0.527421237,In-store,LG,306960,RED
30696005,"HOOD SWEAT WP DAD RED XL",14,28.35,59.99,396.9,704.86,307.96,0.527421237,In-store,XL,306960,RED
30696006,"HOOD SWEAT WP DAD RED XXL",7,28.35,59.99,198.45,347.93,149.48,0.527421237,In-store,XXL,306960,RED
30726002,"HOOD SWEAT NCST MOM RED SM",8,27.74,59.99,221.92,437.92,216,0.537589598,In-store,SM,307260,RED
30726003,"HOOD SWEAT NCST MOM RED MED",14,27.74,59.99,388.36,695.86,307.5,0.537589598,In-store,MED,307260,RED
30726004,"HOOD SWEAT NCST MOM RED LG",17,27.74,59.99,471.58,899.83,428.25,0.537589598,In-store,LG,307260,RED
30726005,"HOOD SWEAT NCST MOM RED XL",8,27.74,59.99,221.92,401.92,180,0.537589598,In-store,XL,307260,RED
30726006,"HOOD SWEAT NCST MOM RED XXL",6,27.74,59.99,166.44,320.94,154.5,0.537589598,In-store,XXL,307260,RED
35824202,"HOODIE STONE SM",3,27.26,58.99,81.78,88.49,6.71,0.537887778,In-store,SM,358242,STONE
35824205,"HOODIE STONE XL",5,27.26,58.99,136.3,73.75,-62.55,0.537887778,In-store,XL,358242,STONE
35824206,"HOODIE STONE XXL",1,27.26,58.99,27.26,14.75,-12.51,0.537887778,In-store,XXL,358242,STONE
35836002,"HOODIE RED SM",3,27.1,58.99,81.31,132.73,51.42,0.540600102,In-store,SM,358360,RED
35836003,"HOODIE RED MED",3,27.26,58.99,81.78,88.49,6.71,0.537887778,In-store,MED,358360,RED
35836004,"HOODIE RED LG",10,27.26,58.99,272.6,324.46,51.86,0.537887778,In-store,LG,358360,RED
35836005,"HOODIE RED XL",1,27.26,58.99,27.26,58.99,31.73,0.537887778,In-store,XL,358360,RED
35836006,"HOODIE RED XXL",1,27.26,58.99,27.26,58.99,31.73,0.537887778,In-store,XXL,358360,RED
35863201,"HOODIE GREY XS",5,23.54,52.99,117.7,172.21,54.51,0.555765239,In-store,XS,358632,GREY
35863202,"HOODIE GREY SM",44,23.54,52.99,1035.76,1361.44,325.68,0.555765239,In-store,SM,358632,GREY
35863203,"HOODIE GREY MED",25,23.54,52.99,588.5,762.92,174.42,0.555765239,In-store,MED,358632,GREY
35863204,"HOODIE GREY LG",19,23.54,52.99,447.26,564.3,117.04,0.555765239,In-store,LG,358632,GREY
35863205,"HOODIE GREY XL",8,23.54,52.99,188.32,317.92,129.6,0.555765239,In-store,XL,358632,GREY
35863206,"HOODIE GREY XXL",2,23.54,52.99,47.08,52.98,5.9,0.555765239,In-store,XXL,358632,GREY
35876001,"HOODIE RED XS",6,23.54,52.99,141.24,315.18,173.94,0.555765239,In-store,XS,358760,RED
35876002,"HOODIE RED SM",26,23.54,52.99,612.04,856.12,244.08,0.555765239,In-store,SM,358760,RED
35876003,"HOODIE RED MED",14,23.54,52.99,329.56,654.13,324.57,0.555765239,In-store,MED,358760,RED
35876005,"HOODIE RED XL",3,23.54,52.99,70.62,158.97,88.35,0.555765239,In-store,XL,358760,RED
35876006,"HOODIE RED XXL",1,23.54,52.99,23.54,13.25,-10.29,0.555765239,In-store,XXL,358760,RED
35876007,"HOODIE RED 3XL",1,25.54,52.99,25.54,52.99,27.45,0.518022268,In-store,3XL,358760,RED
36933201,"RW FZIP HOOD SLV GRY XS",1,36.4,76.99,36.4,71.99,35.59,0.527211326,In-store,XS,369332,GRY
36933202,"RW FZIP HOOD SLV GRY SM",4,36.4,76.99,145.6,305,159.4,0.527211326,In-store,SM,369332,GRY
36933203,"RW FZIP HOOD SLV GRY MED",2,36.4,76.99,72.8,153.98,81.18,0.527211326,In-store,MED,369332,GRY
36933205,"RW FZIP HOOD SLV GRY XL",2,36.4,76.99,72.8,153.98,81.18,0.527211326,In-store,XL,369332,GRY
37316002,"HOOD SWEAT RED SM",44,15.12,35.99,665.28,771.4,106.12,0.579883301,In-store,SM,373160,RED
37316003,"HOOD SWEAT RED MED",50,15.12,35.99,756,890.54,134.54,0.579883301,In-store,MED,373160,RED
37316004,"HOOD SWEAT RED LG",58,15.12,35.99,876.96,1043.49,166.53,0.579883301,In-store,LG,373160,RED
37316005,"HOOD SWEAT RED XL",55,15.12,35.99,831.6,978.75,147.15,0.579883301,In-store,XL,373160,RED
37316006,"HOOD SWEAT RED XXL",24,15.12,35.99,362.88,429.28,66.4,0.579883301,In-store,XXL,373160,RED
37323204,"HOOD SWEAT",9,11.89,29.99,107.01,66.28,-40.73,0.603534512,In-store,LG,373232,Unknown
37333002,"HOOD SWEAT BLK SM",61,15.12,35.99,922.32,1112.92,190.6,0.579883301,In-store,SM,373330,BLK
37333003,"HOOD SWEAT BLK MED",49,15.095,35.99,739.66,901.49,161.83,0.580439011,In-store,MED,373330,BLK
37333004,"HOOD SWEAT BLK LG",61,11.89,35.99,922.32,1120.61,198.29,0.669630453,In-store,LG,373330,BLK
37333005,"HOOD SWEAT BLK XL",50,15.12,35.99,756,897.31,141.31,0.579883301,In-store,XL,373330,BLK
37333006,"HOOD SWEAT BLK XXL",7,15.12,35.99,105.84,125.94,20.1,0.579883301,In-store,XXL,373330,BLK
37333007,"HOOD SWEAT BLK 3XL",6,17.56,37.99,105.36,111.94,6.58,0.537773098,In-store,3XL,373330,BLK
37403502,"HOOD SWEAT WHT SM",30,15.12,35.99,453.6,532.98,79.38,0.579883301,In-store,SM,374035,WHT
37403503,"HOOD SWEAT WHT MED",35,15.12,35.99,529.2,647.73,118.53,0.579883301,In-store,MED,374035,WHT
37403504,"HOOD SWEAT WHT LG",70,15.12,35.99,1058.4,1259.51,201.11,0.579883301,In-store,LG,374035,WHT
37403505,"HOOD SWEAT WHT XL",84,15.12,35.99,1270.08,1528.43,258.35,0.579883301,In-store,XL,374035,WHT
37403506,"HOOD SWEAT WHT XXL",27,15.12,35.99,408.24,485.77,77.53,0.579883301,In-store,XXL,374035,WHT
37453202,"FLC FZIP HOOD CHAR GRY SM",31,18.05,39.99,559.55,1176.41,616.86,0.548637159,In-store,SM,374532,"CHAR GRY"
37453203,"FLC FZIP HOOD CHAR GRY MED",36,18.05,39.99,649.8,1365,715.2,0.548637159,In-store,MED,374532,"CHAR GRY"
37453204,"FLC FZIP HOOD CHAR GRY LG",35,18.05,39.99,631.75,1392.25,760.5,0.548637159,In-store,LG,374532,"CHAR GRY"
37453205,"FLC FZIP HOOD CHAR GRY XL",28,18.05,39.99,505.4,799.82,294.42,0.548637159,In-store,XL,374532,"CHAR GRY"
37453206,"FLC FZIP HOOD CHAR GRY XXL",12,18.05,39.99,216.6,384.91,168.31,0.548637159,In-store,XXL,374532,"CHAR GRY"
37463002,"FZIP HOOD NCST/WLFHD BLK SM",17,17.75,39.99,301.75,679.83,378.08,0.556139035,In-store,SM,374630,BLK
37463003,"FZIP HOOD NCST/WLFHD BLK MED",14,17.75,39.99,248.5,559.86,311.36,0.556139035,In-store,MED,374630,BLK
37463004,"FZIP HOOD NCST/WLFHD BLK LG",17,17.75,39.99,301.75,679.83,378.08,0.556139035,In-store,LG,374630,BLK
37463005,"FZIP HOOD NCST/WLFHD BLK XL",17,17.75,39.99,301.75,679.83,378.08,0.556139035,In-store,XL,374630,BLK
37463006,"FZIP HOOD NCST/WLFHD BLK XXL",4,17.75,39.99,71,159.96,88.96,0.556139035,In-store,XXL,374630,BLK
37463007,"FZIP HOOD NCST/WLFHD BLK 3XL",2,20.25,42.99,40.5,85.98,45.48,0.528960223,In-store,3XL,374630,BLK
38543202,"RW HOOD VAULT 1983 GRY SM",12,39.27,84.99,471.24,669.88,198.64,0.537945641,In-store,SM,385432,GRY
38543203,"RW HOOD VAULT 1983 GRY MED",32,39.27,84.99,1256.64,1894.81,638.17,0.537945641,In-store,MED,385432,GRY
38543204,"RW HOOD VAULT 1983 GRY LG",46,39.27,84.99,1806.42,2774.79,968.37,0.537945641,In-store,LG,385432,GRY
38543205,"RW HOOD VAULT 1983 GRY XL",27,39.27,84.99,1060.29,1693.49,633.2,0.537945641,In-store,XL,385432,GRY
38543206,"RW HOOD VAULT 1983 GRY XXL",10,39.27,84.99,392.7,637.4,244.7,0.537945641,In-store,XXL,385432,GRY
38876002,"FR. TERRY BLEND HOODIE RED/GRY SM",11,28,60,308,475.52,167.52,0.533333333,In-store,SM,388760,RED/GRY
38876003,"FR. TERRY BLEND HOODIE RED/GRY MED",18,28,60,504,1005,501,0.533333333,In-store,MED,388760,RED/GRY
38876004,"FR. TERRY BLEND HOODIE RED/GRY LG",19,28,60,532,1110,578,0.533333333,In-store,LG,388760,RED/GRY
38876005,"FR. TERRY BLEND HOODIE RED/GRY XL",14,28,60,392,760,368,0.533333333,In-store,XL,388760,RED/GRY
38876006,"FR. TERRY BLEND HOODIE RED/GRY XXL",8,28,60,224,345,121,0.533333333,In-store,XXL,388760,RED/GRY
38876007,"FR. TERRY BLEND HOODIE RED/GRY 3XL",4,30,60,120,105,-15,0.5,In-store,3XL,388760,RED/GRY
39473202,"CLRBLK HOOD GR/WH/BL SM",9,31,64.99,279,477.41,198.41,0.523003539,In-store,SM,394732,GR/WH/BL
39473203,"CLRBLK HOOD GR/WH/BL MED",21,31,64.99,651,1068.41,417.41,0.523003539,In-store,MED,394732,GR/WH/BL
39473204,"CLRBLK HOOD GR/WH/BL LG",19,31,64.99,589,1037.81,448.81,0.523003539,In-store,LG,394732,GR/WH/BL
39473205,"CLRBLK HOOD GR/WH/BL XL",19,31,64.99,589,711.24,122.24,0.523003539,In-store,XL,394732,GR/WH/BL
39473206,"CLRBLK HOOD GR/WH/BL XXL",10,31,64.99,310,383.82,73.82,0.523003539,In-store,XXL,394732,GR/WH/BL
39486002,"CLRBLK HOOD RD/WH/BL SM",5,31,64.99,155,81.25,-73.75,0.523003539,In-store,SM,394860,RD/WH/BL
39486003,"CLRBLK HOOD RD/WH/BL MED",13,31,64.99,403,211.25,-191.75,0.523003539,In-store,MED,394860,RD/WH/BL
39486004,"CLRBLK HOOD RD/WH/BL LG",6,31,64.99,186,97.5,-88.5,0.523003539,In-store,LG,394860,RD/WH/BL
39486005,"CLRBLK HOOD RD/WH/BL XL",17,31,64.99,527,276.25,-250.75,0.523003539,In-store,XL,394860,RD/WH/BL
39486006,"CLRBLK HOOD RD/WH/BL XXL",5,31,64.99,155,81.25,-73.75,0.523003539,In-store,XXL,394860,RD/WH/BL
39896003,"STADIUM HOOD RED/BLK MED",6,22.5,49.99,135,75,-60,0.549909982,In-store,MED,398960,RED/BLK
39896004,"STADIUM HOOD RED/BLK LG",19,22.5,49.99,427.5,491.5,64,0.549909982,In-store,LG,398960,RED/BLK
39896005,"STADIUM HOOD RED/BLK XL",8,22.5,49.99,180,66.37,-113.63,0.549909982,In-store,XL,398960,RED/BLK
39896006,"STADIUM HOOD RED/BLK XXL",7,22.5,49.99,157.5,190.47,32.97,0.549909982,In-store,XXL,398960,RED/BLK
39903502,"STADIUM HOOD WHT/GRY SM",1,22.5,49.99,22.5,49.99,27.49,0.549909982,In-store,SM,399035,WHT/GRY
39903503,"STADIUM HOOD WHT/GRY MED",2,22.5,49.99,45,62.49,17.49,0.549909982,In-store,MED,399035,WHT/GRY
39903504,"STADIUM HOOD WHT/GRY LG",13,22.5,49.99,292.5,591.89,299.39,0.549909982,In-store,LG,399035,WHT/GRY
39903505,"STADIUM HOOD WHT/GRY XL",27,22.5,49.99,607.5,930.13,322.63,0.549909982,In-store,XL,399035,WHT/GRY
39903506,"STADIUM HOOD WHT/GRY XXL",8,22.5,49.99,180,317.94,137.94,0.549909982,In-store,XXL,399035,WHT/GRY
39913002,"STADIUM HOOD BLK/RED SM",7,22.5,49.99,157.5,329.93,172.43,0.549909982,In-store,SM,399130,BLK/RED
39913003,"STADIUM HOOD BLK/RED MED",26,22.5,49.99,585,1262.25,677.25,0.549909982,In-store,MED,399130,BLK/RED
39913004,"STADIUM HOOD BLK/RED LG",23,22.5,49.99,517.5,1149.77,632.27,0.549909982,In-store,LG,399130,BLK/RED
39913005,"STADIUM HOOD BLK/RED XL",15,22.5,49.99,337.5,712.36,374.86,0.549909982,In-store,XL,399130,BLK/RED
39913006,"STADIUM HOOD BLK/RED XXL",5,22.5,49.99,112.5,249.95,137.45,0.549909982,In-store,XXL,399130,BLK/RED
4054202,"HOODIE OATMEAL SM",8,29.83,62.99,238.64,503.92,265.28,0.526432767,In-store,SM,40542,OATMEAL
4054203,"HOODIE OATMEAL MED",12,29.83,62.99,357.96,740.36,382.4,0.526432767,In-store,MED,40542,OATMEAL
4054204,"HOODIE OATMEAL LG",12,29.83,62.99,357.96,750.88,392.92,0.526432767,In-store,LG,40542,OATMEAL
4054205,"HOODIE OATMEAL XL",12,29.82888889,62.99,354.56,750.88,396.32,0.526432767,In-store,XL,40542,OATMEAL
4054206,"HOODIE OATMEAL XXL",4,29.83,62.99,119.32,248.99,129.67,0.526432767,In-store,XXL,40542,OATMEAL
4066001,"HOODIE RED XS",5,29.83,62.99,140.75,297.45,156.7,0.526432767,In-store,XS,40660,RED
4066002,"HOODIE RED SM",19,29.625,62.99,523.61,1125.05,601.44,0.529607874,In-store,SM,40660,RED
4066003,"HOODIE RED MED",36,29.825,62.99,1020.66,2179.04,1158.38,0.526432767,In-store,MED,40660,RED
4066004,"HOODIE RED LG",38,29.83,62.99,1094.9,2315.87,1220.97,0.526432767,In-store,LG,40660,RED
4066005,"HOODIE RED XL",29,29.79884615,62.99,815.44,1747.24,931.8,0.526909033,In-store,XL,40660,RED
4066006,"HOODIE RED XXL",10,29.79875,62.99,282.24,606.9,324.66,0.526909033,In-store,XXL,40660,RED
4066007,"HOODIE RED 3XL",2,32.15,64.99,60.92,119.98,59.06,0.505308509,In-store,3XL,40660,RED
4113501,"WHITE HOODIE XS",5,29.80454545,62.99,140.75,299.95,159.2,0.526909033,In-store,XS,41135,WHITE
4113502,"WHITE HOODIE SM",37,29.83,62.99,1059.68,2152.15,1092.47,0.526432767,In-store,SM,41135,WHITE
4113503,"WHITE HOODIE MED",36,29.829375,62.99,1026.67,2109.55,1082.88,0.526432767,In-store,MED,41135,WHITE
4113504,"WHITE HOODIE LG",36,29.83,62.99,1033.56,2149.08,1115.52,0.526432767,In-store,LG,41135,WHITE
4113505,"WHITE HOODIE XL",20,29.83,62.99,576.44,1200.4,623.96,0.526432767,In-store,XL,41135,WHITE
4113506,"WHITE HOODIE XXL",4,29.67375,62.99,114.85,221.91,107.06,0.528972853,In-store,XXL,41135,WHITE
4123001,"HOODIE BLK XS",4,29.83,62.99,112.6,239.96,127.36,0.526432767,In-store,XS,41230,BLK
4123002,"HOODIE BLK SM",19,29.83,62.99,541.57,1147.18,605.61,0.526432767,In-store,SM,41230,BLK
4123003,"HOODIE BLK MED",32,29.83,62.99,900.8,1936.89,1036.09,0.526432767,In-store,MED,41230,BLK
4123004,"HOODIE BLK LG",33,29.83,62.99,951.08,2018.67,1067.59,0.526432767,In-store,LG,41230,BLK
4123005,"HOODIE BLK XL",24,29.83,62.99,695.76,1457.6,761.84,0.526432767,In-store,XL,41230,BLK
4123006,"HOODIE BLK XXL",8,29.83,62.99,230.24,488.92,258.68,0.526432767,In-store,XXL,41230,BLK
4123007,"HOODIE BLK 3XL",4,32.15,64.99,121.84,239.96,118.12,0.505308509,In-store,3XL,41230,BLK
46136002,"HEADLINE HOODIE RED SM",17,35.63,75,605.71,431.25,-174.46,0.524933333,In-store,SM,461360,RED
46136003,"HEADLINE HOODIE RED MED",14,35.63,75,498.82,651.25,152.43,0.524933333,In-store,MED,461360,RED
46136004,"HEADLINE HOODIE RED LG",8,35.63,75,285.04,540.49,255.45,0.524933333,In-store,LG,461360,RED
46136005,"HEADLINE HOODIE RED XL",7,35.63,75,249.41,353.07,103.66,0.524933333,In-store,XL,461360,RED
46136006,"HEADLINE HOODIE RED XXL",10,35.63,75,356.3,187.5,-168.8,0.524933333,In-store,XXL,461360,RED
4826001,"HOOD MSCT RED",2,24.09,52.99,48.18,105.98,57.8,0.545385922,In-store,XS,48260,RED
4826002,"HOOD MSCT RED",24,24.08533333,52.99,575.02,1227.92,652.9,0.545385922,In-store,SM,48260,RED
4826003,"HOOD MSCT RED",44,24.08925926,52.99,1057.71,2121.59,1063.88,0.545385922,In-store,MED,48260,RED
4826004,"HOOD MSCT RED",53,24.09,52.99,1275.67,2640.77,1365.1,0.545385922,In-store,LG,48260,RED
4826005,"HOOD MSCT RED",26,24.08782609,52.99,624.74,1308.82,684.08,0.545385922,In-store,XL,48260,RED
4826006,"HOOD MSCT RED",17,24.09,52.99,407.88,859.24,451.36,0.545385922,In-store,XXL,48260,RED
4826007,"HOOD MSCT RED",1,26.52,54.99,26.52,54.99,28.47,0.517730497,In-store,3XL,48260,RED
4833201,"HOODIE OXF GRY XS",3,24.09,52.99,72.27,148.97,76.7,0.545385922,In-store,XS,48332,GRY
4833202,"HOODIE OXF GRY SM",24,24.09,52.99,578.16,1219.13,640.97,0.545385922,In-store,SM,48332,GRY
4833203,"HOODIE OXF GRY MED",49,24.08944444,52.99,1179.14,2330.23,1151.09,0.545385922,In-store,MED,48332,GRY
4833204,"HOODIE OXF GRY LG",63,24.09,52.99,1517.67,3140.06,1622.39,0.545385922,In-store,LG,48332,GRY
4833205,"HOODIE OXF GRY XL",36,24.09,52.99,867.24,1754.24,887,0.545385922,In-store,XL,48332,GRY
4833206,"HOODIE OXF GRY XXL",11,24.08666667,52.99,264.31,521.18,256.87,0.545385922,In-store,XXL,48332,GRY
4833207,"HOODIE OXF GRY 3XL",2,26.52,54.99,53.04,109.98,56.94,0.517730497,In-store,3XL,48332,GRY
60916002,"HOOD SWEAT OLD TUFFY RED SM",25,25.49,55.99,637.25,877.75,240.5,0.544740132,In-store,SM,609160,RED
60916003,"HOOD SWEAT OLD TUFFY RED MED",44,25.49,55.99,1121.56,1583.11,461.55,0.544740132,In-store,MED,609160,RED
60916004,"HOOD SWEAT OLD TUFFY RED LG",44,25.49,55.99,1121.56,1577.5,455.94,0.544740132,In-store,LG,609160,RED
60916005,"HOOD SWEAT OLD TUFFY RED XL",36,25.49,55.99,917.64,1216.4,298.76,0.544740132,In-store,XL,609160,RED
60916006,"HOOD SWEAT OLD TUFFY RED XXL",20,27.93,55.99,558.6,618.8,60.2,0.501160922,In-store,XXL,609160,RED
60983202,"HOOD SWEAT OLD TUFFY GRY SM",31,25.49,55.99,790.19,1071.69,281.5,0.544740132,In-store,SM,609832,GRY
60983203,"HOOD SWEAT OLD TUFFY GRY MED",68,25.49,55.99,1733.32,2327.32,594,0.544740132,In-store,MED,609832,GRY
60983204,"HOOD SWEAT OLD TUFFY GRY LG",93,25.49,55.99,2370.57,3386.08,1015.51,0.544740132,In-store,LG,609832,GRY
60983205,"HOOD SWEAT OLD TUFFY GRY XL",57,25.49,55.99,1452.93,2186.93,734,0.544740132,In-store,XL,609832,GRY
60983206,"HOOD SWEAT OLD TUFFY GRY XXL",23,27.93,55.99,642.39,883.81,241.42,0.501160922,In-store,XXL,609832,GRY
61193202,"OHT MENS RAGLAN HOODIE GRY/CAMO SM",20,34,74,680,1443,763,0.540540541,In-store,SM,611932,GRY/CAMO
61193203,"OHT MENS RAGLAN HOODIE GRY/CAMO MED",31,34,74,1054,2294,1240,0.540540541,In-store,MED,611932,GRY/CAMO
61193204,"OHT MENS RAGLAN HOODIE GRY/CAMO LG",38,34,74,1292,2756.5,1464.5,0.540540541,In-store,LG,611932,GRY/CAMO
61193205,"OHT MENS RAGLAN HOODIE GRY/CAMO XL",45,34,74,1530,3311.5,1781.5,0.540540541,In-store,XL,611932,GRY/CAMO
61193206,"OHT MENS RAGLAN HOODIE GRY/CAMO XXL",16,34,74,544,1184,640,0.540540541,In-store,XXL,611932,GRY/CAMO
61193207,"OHT MENS RAGLAN HOODIE GRY/CAMO 3XL",8,36.5,74,292,592,300,0.506756757,In-store,3XL,611932,GRY/CAMO
61203202,"OHT MENS POLY FLC HOODIE LT GRY/CAMO SM",18,34,72,612,1296,684,0.527777778,In-store,SM,612032,GRY/CAMO
61203203,"OHT MENS POLY FLC HOODIE LT GRY/CAMO MED",41,34,72,1394,2890.8,1496.8,0.527777778,In-store,MED,612032,GRY/CAMO
61203204,"OHT MENS POLY FLC HOODIE LT GRY/CAMO LG",48,34,72,1632,3402,1770,0.527777778,In-store,LG,612032,GRY/CAMO
61203205,"OHT MENS POLY FLC HOODIE LT GRY/CAMO XL",42,34,72,1428,3019.61,1591.61,0.527777778,In-store,XL,612032,GRY/CAMO
61203206,"OHT MENS POLY FLC HOODIE LT GRY/CAMO XXL",15,34,72,510,1080,570,0.527777778,In-store,XXL,612032,GRY/CAMO
61203207,"OHT MENS POLY FLC HOODIE LT GRY/CAMO 3XL",6,36.5,72,219,432,213,0.493055556,In-store,3XL,612032,GRY/CAMO
61216002,"OHT MENS POLY FLC HOODIE RD/CAMO SM",8,33,70,264,560,296,0.528571429,In-store,SM,612160,RD/CAMO
61216003,"OHT MENS POLY FLC HOODIE RD/CAMO MED",17,33,70,561,1190,629,0.528571429,In-store,MED,612160,RD/CAMO
61216004,"OHT MENS POLY FLC HOODIE RD/CAMO LG",17,33,70,561,1190,629,0.528571429,In-store,LG,612160,RD/CAMO
61216005,"OHT MENS POLY FLC HOODIE RD/CAMO XL",22,33,70,726,1540,814,0.528571429,In-store,XL,612160,RD/CAMO
61216006,"OHT MENS POLY FLC HOODIE RD/CAMO XXL",9,33,70,297,630,333,0.528571429,In-store,XXL,612160,RD/CAMO
61216007,"OHT MENS POLY FLC HOODIE RD/CAMO 3XL",3,35.5,70,106.5,210,103.5,0.492857143,In-store,3XL,612160,RD/CAMO
75563002,"HOOD SWEAT",119,25.05037037,54.99,2979.48,6431.74,3452.26,0.54446263,In-store,SM,755630,BLK
75563003,"HOOD SWEAT",188,25.05071429,54.99,4710.87,10169.34,5458.47,0.54446263,In-store,MED,755630,BLK
75563004,"HOOD SWEAT",164,25.05184211,54.99,4109.17,8896.66,4787.49,0.54446263,In-store,LG,755630,BLK
75563005,"HOOD SWEAT",116,25.05230769,54.99,2906.36,6150.95,3244.59,0.54446263,In-store,XL,755630,BLK
75563006,"HOOD SWEAT",41,25.05785714,54.99,1027.28,2215.83,1188.55,0.544280778,In-store,XXL,755630,BLK
75573202,"HOOD SWEAT",69,25.0532,54.99,1727.61,3633.58,1905.97,0.54446263,In-store,SM,755732,"CHAR GRY"
75573203,"HOOD SWEAT",101,25.05470588,54.99,2530.12,5327.64,2797.52,0.54446263,In-store,MED,755732,"CHAR GRY"
75573204,"HOOD SWEAT",126,25.05461538,54.99,3156.87,6662.17,3505.3,0.54446263,In-store,LG,755732,"CHAR GRY"
75573205,"HOOD SWEAT",74,25.05428571,54.99,1852.64,4031.48,2178.84,0.54446263,In-store,XL,755732,"CHAR GRY"
75573206,"HOOD SWEAT",27,25.05,54.99,676.4,1407.73,731.33,0.54446263,In-store,XXL,755732,"CHAR GRY"
75586002,"HOOD SWEAT",76,25.059,54.99,1904.18,4129.8,2225.62,0.544280778,In-store,SM,755860,RD
75586003,"HOOD SWEAT",132,25.05909091,54.99,3304.77,7044.37,3739.6,0.544280778,In-store,MED,755860,RD
75586004,"HOOD SWEAT",148,25.05833333,54.99,3699.8,7786.55,4086.75,0.544280778,In-store,LG,755860,RD
75586005,"HOOD SWEAT",59,25.058,54.99,1478.03,3091.21,1613.18,0.544280778,In-store,XL,755860,RD
75586006,"HOOD SWEAT",28,25.05777778,54.99,697.43,1481.94,784.51,0.544280778,In-store,XXL,755860,RD
75593502,"HOOD SWEAT",120,25.059375,54.99,3007.07,6310.14,3303.07,0.544280778,In-store,SM,755935,WHT
75593503,"HOOD SWEAT",127,25.055,54.99,3156.71,6729.17,3572.46,0.544280778,In-store,MED,755935,WHT
75593504,"HOOD SWEAT",78,25.05473684,54.99,1903.96,4230.2,2326.24,0.54446263,In-store,LG,755935,WHT
75593505,"HOOD SWEAT",55,25.05888889,54.99,1378.14,2952.02,1573.88,0.544280778,In-store,XL,755935,WHT
75593506,"HOOD SWEAT",25,25.055,54.99,626.4,1328.65,702.25,0.544280778,In-store,XXL,755935,WHT
75603002,"HOOD SWEAT BLACK SM",95,25.05038462,54.99,2379.33,5095,2715.67,0.54446263,In-store,SM,756030,BLK
75603003,"HOOD SWEAT BLACK MED",125,25.051,54.99,3131.11,6709.28,3578.17,0.54446263,In-store,MED,756030,BLK
75603004,"HOOD SWEAT BLACK LG",128,25.0509375,54.99,3206.7,6953.44,3746.74,0.54446263,In-store,LG,756030,BLK
75603005,"HOOD SWEAT BLACK XL",80,25.05148148,54.99,2004.11,4165.16,2161.05,0.54446263,In-store,XL,756030,BLK
75603006,"HOOD SWEAT BLACK XXL",16,25.05428571,54.99,400.32,860.53,460.21,0.54446263,In-store,XXL,756030,BLK
75613202,"HOOD SWEAT",43,25.04625,54.99,1070.87,2349.81,1278.94,0.54446263,In-store,SM,756132,BLK
75613203,"HOOD SWEAT",78,25.05333333,54.99,1953.39,4261,2307.61,0.54446263,In-store,MED,756132,BLK
75613204,"HOOD SWEAT",84,25.06461538,54.99,2125.63,4405.34,2279.71,0.544280778,In-store,LG,756132,BLK
75613205,"HOOD SWEAT",55,25.0647619,54.99,1391.25,2979.74,1588.49,0.544280778,In-store,XL,756132,BLK
75613206,"HOOD SWEAT",13,25.07333333,54.99,331.19,713.57,382.38,0.544098927,In-store,XXL,756132,BLK
75626002,"HOOD SWEAT",41,25.05772727,54.99,1027.32,2161.53,1134.21,0.544280778,In-store,SM,756260,RD
75626003,"HOOD SWEAT",87,25.05485714,54.99,2180.11,4636.37,2456.26,0.54446263,In-store,MED,756260,RD
75626004,"HOOD SWEAT",66,25.0584375,54.99,1645.6,3557.03,1911.43,0.544280778,In-store,LG,756260,RD
75626005,"HOOD SWEAT",43,25.035,54.99,1065,2257.04,1192.04,0.544644481,In-store,XL,756260,RD
75626006,"HOOD SWEAT",13,25.06,54.99,321.41,676.37,354.96,0.544280778,In-store,XXL,756260,RD
75633202,"HOOD SWEAT",85,25.056875,54.99,2129.28,4468.73,2339.45,0.544280778,In-store,SM,756332,Unknown
75633203,"HOOD SWEAT",134,25.06,54.99,3357.41,7133.36,3775.95,0.544280778,In-store,MED,756332,Unknown
75633204,"HOOD SWEAT",133,25.05666667,54.99,3330.3,7191.8,3861.5,0.544280778,In-store,LG,756332,Unknown
75633205,"HOOD SWEAT",71,25.05631579,54.99,1777.66,3850.7,2073.04,0.544280778,In-store,XL,756332,Unknown
75633206,"HOOD SWEAT",42,25.06,54.99,1050.97,2176.68,1125.71,0.544280778,In-store,XXL,756332,Unknown
10453002,"HOOD NCSU/WLFHD HTHR BLK SM",1,33.97545455,69.99,34.35,69.99,35.64,0.514502072,Online,SM,104530,"HTHR BLK"
10453003,"HOOD NCSU/WLFHD HTHR BLK MED",6,33.452,69.99,207.86,388.44,180.58,0.522074582,Online,MED,104530,"HTHR BLK"
10453004,"HOOD NCSU/WLFHD HTHR BLK LG",7,34.26481481,69.99,242.8,489.93,247.13,0.5105015,Online,LG,104530,"HTHR BLK"
10453005,"HOOD NCSU/WLFHD HTHR BLK XL",6,34.1837931,69.99,208.2,419.94,211.74,0.511644521,Online,XL,104530,"HTHR BLK"
10453006,"HOOD NCSU/WLFHD HTHR BLK XXL",1,33.66333333,69.99,34.52,69.99,35.47,0.519074154,Online,XXL,104530,"HTHR BLK"
10463202,"HOOD NCSU HTHR GRY SM",4,34.59142857,69.99,135.53,258.96,123.43,0.505786541,Online,SM,104632,"HTHR GRY"
10463203,"HOOD NCSU HTHR GRY MED",10,34.62,69.99,330.66,699.9,369.24,0.505357908,Online,MED,104632,"HTHR GRY"
10463204,"HOOD NCSU HTHR GRY LG",9,34.31423077,69.99,301.18,629.91,328.73,0.509787112,Online,LG,104632,"HTHR GRY"
10463205,"HOOD NCSU HTHR GRY XL",1,34.21,69.99,29.96,69.99,40.03,0.511215888,Online,XL,104632,"HTHR GRY"
10474203,"HOOD NCSU HTHR TAUPE MED",3,34.27454545,69.99,104.46,209.97,105.51,0.510358623,Online,MED,104742,TAUPE
10474204,"HOOD NCSU HTHR TAUPE LG",1,34.22310345,69.99,34.82,69.99,35.17,0.51107301,Online,LG,104742,TAUPE
10474205,"HOOD NCSU HTHR TAUPE XL",4,34.36518519,69.99,139.28,258.96,119.68,0.508929847,Online,XL,104742,TAUPE
10474206,"HOOD NCSU HTHR TAUPE XXL",1,34.332,69.99,34.82,69.99,35.17,0.509501357,Online,XXL,104742,TAUPE
1206502,"HOOD WBBALL PINK/BLK SM",2,15.85,35.99,31.7,71.98,40.28,0.559599889,Online,SM,12065,PINK/BLK
1206504,"HOOD WBBALL PINK/BLK LG",4,15.85,35.99,63.4,128.84,65.44,0.559599889,Online,LG,12065,PINK/BLK
1206505,"HOOD WBBALL PINK/BLK XL",1,15.85,35.99,15.85,28.43,12.58,0.559599889,Online,XL,12065,PINK/BLK
1206506,"HOOD WBBALL PINK/BLK XXL",1,15.85,35.99,15.85,35.99,20.14,0.559599889,Online,XXL,12065,PINK/BLK
12483202,"STADIUM HOOD GRY SM",8,38.42666667,76.99,302.51,504.27,201.76,0.500844266,Online,SM,124832,GRY
12483203,"STADIUM HOOD GRY MED",4,38.41333333,76.99,151.37,307.96,156.59,0.50110404,Online,MED,124832,GRY
12483205,"STADIUM HOOD GRY XL",5,38.48,76.99,189.35,296.4,107.05,0.500194831,Online,XL,124832,GRY
12483206,"STADIUM HOOD GRY XXL",2,38.19,76.99,74.93,153.98,79.05,0.503961553,Online,XXL,124832,GRY
12496002,"STADIUM HOOD RED SM",1,38.48,76.99,37.87,76.99,39.12,0.500194831,Online,SM,124960,RED
12496003,"STADIUM HOOD RED MED",5,38.523,76.99,197.59,338.75,141.16,0.499675283,Online,MED,124960,RED
12496004,"STADIUM HOOD RED LG",9,38.635,76.99,356.04,588.96,232.92,0.498116639,Online,LG,124960,RED
12496005,"STADIUM HOOD RED XL",1,38.59466667,76.99,39.28,76.99,37.71,0.498766074,Online,XL,124960,RED
12496006,"STADIUM HOOD RED XXL",2,38.635,76.99,77.26,134.73,57.47,0.498116639,Online,XXL,124960,RED
1293204,"RWHOOD APP SLV GRY LG",12,40.84,82.99,482.25,911.22,428.97,0.507892517,Online,LG,12932,GRY
1293206,"RWHOOD APP SLV GRY XXL",2,40.84,82.99,80.1,165.98,85.88,0.507892517,Online,XXL,12932,GRY
1303002,"RWHOOD NCST/WP BLK SM",1,33.16,69.99,33.16,69.99,36.83,0.526218031,Online,SM,13030,BLK
1303003,"RWHOOD NCST/WP BLK MED",6,33.16,69.99,198.96,398.94,199.98,0.526218031,Online,MED,13030,BLK
1303004,"RWHOOD NCST/WP BLK LG",4,33.16,69.99,132.64,237.96,105.32,0.526218031,Online,LG,13030,BLK
1303005,"RWHOOD NCST/WP BLK XL",6,33.16,69.99,198.96,398.94,199.98,0.526218031,Online,XL,13030,BLK
1303006,"RWHOOD NCST/WP BLK XXL",1,33.16,69.99,33.16,48.99,15.83,0.526218031,Online,XXL,13030,BLK
21676002,"HOOD SWEAT WLFHD RED/BLK SM",1,26.25,59.99,26.25,41.99,15.74,0.562427071,Online,SM,216760,RED/BLK
21676005,"HOOD SWEAT WLFHD RED/BLK XL",1,26.25,59.99,26.25,59.99,33.74,0.562427071,Online,XL,216760,RED/BLK
21683005,"HOOD SWEAT WLFHD BLK/RED XL",2,26.25,59.99,52.5,104.98,52.48,0.562427071,Online,XL,216830,BLK/RED
21683006,"HOOD SWEAT WLFHD BLK/RED XXL",2,26.25,59.99,52.5,104.98,52.48,0.562427071,Online,XXL,216830,BLK/RED
21696005,"POLY FLEECE HOOD RD/BLK XL",1,24,55.99,24,55.99,31.99,0.571352027,Online,XL,216960,RD/BLK
21834203,"BIG STRIPE HOOD OAT/RD MED",1,31.25,66.99,31.25,66.99,35.74,0.533512465,Online,MED,218342,OAT/RD
21834204,"BIG STRIPE HOOD OAT/RD LG",2,31.25,66.99,62.5,133.98,71.48,0.533512465,Online,LG,218342,OAT/RD
21834205,"BIG STRIPE HOOD OAT/RD XL",1,31.25,66.99,31.25,46.89,15.64,0.533512465,Online,XL,218342,OAT/RD
21846003,"BIG STRIPE HOOD RD/BLK MED",1,31.25,66.99,31.25,66.99,35.74,0.533512465,Online,MED,218460,RD/BLK
21846005,"BIG STRIPE HOOD RD/BLK XL",1,31.25,66.99,31.25,66.99,35.74,0.533512465,Online,XL,218460,RD/BLK
23033204,"MENS RW HOOD SILV HTHR LG",1,36.25,78.99,36.25,55.29,19.04,0.54108115,Online,LG,230332,HTHR
23033206,"MENS RW HOOD SILV HTHR XXL",2,36.25,78.99,72.5,157.98,85.48,0.54108115,Online,XXL,230332,HTHR
23043003,"MENS RW HOOD BLK MED",0,36.25,78.99,0,0,0,0.54108115,Online,MED,230430,BLK
23043005,"MENS RW HOOD BLK XL",2,36.25,78.99,72.5,134.28,61.78,0.54108115,Online,XL,230430,BLK
25176003,"BLEND FULLZIP HOODIE RD MED",3,26,56,78,168,90,0.535714286,Online,MED,251760,RD
25176004,"BLEND FULLZIP HOODIE RD LG",3,26,56,78,151.2,73.2,0.535714286,Online,LG,251760,RD
25176005,"BLEND FULLZIP HOODIE RD XL",5,26,56,130,229.6,99.6,0.535714286,Online,XL,251760,RD
25176006,"BLEND FULLZIP HOODIE RD XXL",1,26,56,26,39.2,13.2,0.535714286,Online,XXL,251760,RD
25203203,"HOODED 3",1,26,55,26,38.5,12.5,0.527272727,Online,MED,252032,Unknown
25203204,"HOODED 3",5,26,55,130,244.75,114.75,0.527272727,Online,LG,252032,Unknown
25203205,"HOODED 3",1,26,55,26,55,29,0.527272727,Online,XL,252032,Unknown
25203206,"HOODED 3",1,26,55,26,55,29,0.527272727,Online,XXL,252032,Unknown
25213205,"SPECKLE FLC HOODIE CHAR GRY XL",1,27.5,65,27.5,65,37.5,0.576923077,Online,XL,252132,"CHAR GRY"
25213207,"SPECKLE FLC HOODIE CHAR GRY 3XL",1,29.5,65,29.5,45.5,16,0.546153846,Online,3XL,252132,"CHAR GRY"
25233204,"ADULT BLEND FLC HOODIE GRY LG",1,24,55,24,55,31,0.563636364,Online,LG,252332,GRY
25246002,"ADULT HOCKEY HOODIE RD/BL/WHT SM",1,32,68,32,68,36,0.529411765,Online,SM,252460,RD/BL/WHT
25246003,"ADULT HOCKEY HOODIE RD/BL/WHT MED",3,32,68,96,163.2,67.2,0.529411765,Online,MED,252460,RD/BL/WHT
25246004,"ADULT HOCKEY HOODIE RD/BL/WHT LG",2,32,68,64,136,72,0.529411765,Online,LG,252460,RD/BL/WHT
25246005,"ADULT HOCKEY HOODIE RD/BL/WHT XL",2,32,68,64,136,72,0.529411765,Online,XL,252460,RD/BL/WHT
25246006,"ADULT HOCKEY HOODIE RD/BL/WHT XXL",2,32,68,64,136,72,0.529411765,Online,XXL,252460,RD/BL/WHT
25246007,"ADULT HOCKEY HOODIE RD/BL/WHT 3XL",1,34,68,34,68,34,0.5,Online,3XL,252460,RD/BL/WHT
30696003,"HOOD SWEAT WP DAD RED MED",2,28.35,59.99,56.7,86.98,30.28,0.527421237,Online,MED,306960,RED
30696004,"HOOD SWEAT WP DAD RED LG",3,28.35,59.99,85.05,164.97,79.92,0.527421237,Online,LG,306960,RED
30696005,"HOOD SWEAT WP DAD RED XL",2,28.35,59.99,56.7,83.98,27.28,0.527421237,Online,XL,306960,RED
30696006,"HOOD SWEAT WP DAD RED XXL",1,28.35,59.99,28.35,59.99,31.64,0.527421237,Online,XXL,306960,RED
30726003,"HOOD SWEAT NCST MOM RED MED",4,27.74,59.99,110.96,206.96,96,0.537589598,Online,MED,307260,RED
30726004,"HOOD SWEAT NCST MOM RED LG",3,27.74,59.99,83.22,143.97,60.75,0.537589598,Online,LG,307260,RED
30726005,"HOOD SWEAT NCST MOM RED XL",1,27.74,59.99,27.74,41.99,14.25,0.537589598,Online,XL,307260,RED
35863203,"HOODIE GREY MED",2,23.54,52.99,47.08,53,5.92,0.555765239,Online,MED,358632,GREY
35876002,"HOODIE RED SM",4,23.54,52.99,94.16,211.96,117.8,0.555765239,Online,SM,358760,RED
35876003,"HOODIE RED MED",5,23.54,52.99,117.7,264.95,147.25,0.555765239,Online,MED,358760,RED
36933205,"RW FZIP HOOD SLV GRY XL",-1,36.4,76.99,-36.4,-61.59,-25.19,0.527211326,Online,XL,369332,GRY
37316002,"HOOD SWEAT RED SM",1,15.12,35.99,15.12,35.99,20.87,0.579883301,Online,SM,373160,RED
37316003,"HOOD SWEAT RED MED",3,15.12,35.99,45.36,107.97,62.61,0.579883301,Online,MED,373160,RED
37316004,"HOOD SWEAT RED LG",2,15.12,35.99,30.24,71.98,41.74,0.579883301,Online,LG,373160,RED
37316005,"HOOD SWEAT RED XL",0,15.12,35.99,0,10.8,10.8,0.579883301,Online,XL,373160,RED
37316006,"HOOD SWEAT RED XXL",4,15.12,35.99,60.48,143.96,83.48,0.579883301,Online,XXL,373160,RED
37333003,"HOOD SWEAT BLK MED",-2,15.095,35.99,-30.19,-50.38,-20.19,0.580439011,Online,MED,373330,BLK
37333004,"HOOD SWEAT BLK LG",1,11.89,35.99,15.12,35.99,20.87,0.669630453,Online,LG,373330,BLK
37333005,"HOOD SWEAT BLK XL",3,15.12,35.99,45.36,107.97,62.61,0.579883301,Online,XL,373330,BLK
37333007,"HOOD SWEAT BLK 3XL",1,17.56,37.99,17.56,37.99,20.43,0.537773098,Online,3XL,373330,BLK
37403502,"HOOD SWEAT WHT SM",1,15.12,35.99,15.12,35.99,20.87,0.579883301,Online,SM,374035,WHT
37403503,"HOOD SWEAT WHT MED",3,15.12,35.99,45.36,107.97,62.61,0.579883301,Online,MED,374035,WHT
37403504,"HOOD SWEAT WHT LG",1,15.12,35.99,15.12,35.99,20.87,0.579883301,Online,LG,374035,WHT
37403505,"HOOD SWEAT WHT XL",1,15.12,35.99,15.12,35.99,20.87,0.579883301,Online,XL,374035,WHT
37403506,"HOOD SWEAT WHT XXL",1,15.12,35.99,15.12,35.99,20.87,0.579883301,Online,XXL,374035,WHT
38543203,"RW HOOD VAULT 1983 GRY MED",2,39.27,84.99,78.54,169.98,91.44,0.537945641,Online,MED,385432,GRY
38543204,"RW HOOD VAULT 1983 GRY LG",3,39.27,84.99,117.81,237.12,119.31,0.537945641,Online,LG,385432,GRY
38543205,"RW HOOD VAULT 1983 GRY XL",6,39.27,84.99,235.62,467.45,231.83,0.537945641,Online,XL,385432,GRY
38543206,"RW HOOD VAULT 1983 GRY XXL",2,39.27,84.99,78.54,169.98,91.44,0.537945641,Online,XXL,385432,GRY
38876002,"FR. TERRY BLEND HOODIE RED/GRY SM",2,28,60,56,120,64,0.533333333,Online,SM,388760,RED/GRY
38876003,"FR. TERRY BLEND HOODIE RED/GRY MED",5,28,60,140,300,160,0.533333333,Online,MED,388760,RED/GRY
38876004,"FR. TERRY BLEND HOODIE RED/GRY LG",5,28,60,140,300,160,0.533333333,Online,LG,388760,RED/GRY
38876005,"FR. TERRY BLEND HOODIE RED/GRY XL",4,28,60,112,228,116,0.533333333,Online,XL,388760,RED/GRY
38876006,"FR. TERRY BLEND HOODIE RED/GRY XXL",4,28,60,112,240,128,0.533333333,Online,XXL,388760,RED/GRY
39913003,"STADIUM HOOD BLK/RED MED",1,22.5,49.99,22.5,49.99,27.49,0.549909982,Online,MED,399130,BLK/RED
39913004,"STADIUM HOOD BLK/RED LG",1,22.5,49.99,22.5,49.99,27.49,0.549909982,Online,LG,399130,BLK/RED
4123002,"HOODIE BLK SM",1,29.83,62.99,28.15,59.99,31.84,0.526432767,Online,SM,41230,BLK
4123003,"HOODIE BLK MED",4,29.83,62.99,112.6,239.96,127.36,0.526432767,Online,MED,41230,BLK
4123004,"HOODIE BLK LG",7,29.83,62.99,201.79,428.93,227.14,0.526432767,Online,LG,41230,BLK
4123005,"HOODIE BLK XL",6,29.83,62.99,168.9,359.94,191.04,0.526432767,Online,XL,41230,BLK
4123006,"HOODIE BLK XXL",2,29.83,62.99,57.98,122.98,65,0.526432767,Online,XXL,41230,BLK
60916003,"HOOD SWEAT OLD TUFFY RED MED",1,25.49,55.99,25.49,55.99,30.5,0.544740132,Online,MED,609160,RED
60916004,"HOOD SWEAT OLD TUFFY RED LG",5,25.49,55.99,127.45,279.95,152.5,0.544740132,Online,LG,609160,RED
60916005,"HOOD SWEAT OLD TUFFY RED XL",8,25.49,55.99,203.92,447.92,244,0.544740132,Online,XL,609160,RED
60916006,"HOOD SWEAT OLD TUFFY RED XXL",3,27.93,55.99,83.79,167.97,84.18,0.501160922,Online,XXL,609160,RED
60983202,"HOOD SWEAT OLD TUFFY GRY SM",1,25.49,55.99,25.49,55.99,30.5,0.544740132,Online,SM,609832,GRY
60983203,"HOOD SWEAT OLD TUFFY GRY MED",6,25.49,55.99,152.94,335.94,183,0.544740132,Online,MED,609832,GRY
60983204,"HOOD SWEAT OLD TUFFY GRY LG",3,25.49,55.99,76.47,167.97,91.5,0.544740132,Online,LG,609832,GRY
60983205,"HOOD SWEAT OLD TUFFY GRY XL",6,25.49,55.99,152.94,335.94,183,0.544740132,Online,XL,609832,GRY
60983206,"HOOD SWEAT OLD TUFFY GRY XXL",1,27.93,55.99,27.93,55.99,28.06,0.501160922,Online,XXL,609832,GRY
61193204,"OHT MENS RAGLAN HOODIE GRY/CAMO LG",3,34,74,102,222,120,0.540540541,Online,LG,611932,GRY/CAMO
61203204,"OHT MENS POLY FLC HOODIE LT GRY/CAMO LG",1,34,72,34,72,38,0.527777778,Online,LG,612032,GRY/CAMO
61203205,"OHT MENS POLY FLC HOODIE LT GRY/CAMO XL",2,34,72,68,144,76,0.527777778,Online,XL,612032,GRY/CAMO
75563002,"HOOD SWEAT",1,25.05037037,54.99,25.05,38.49,13.44,0.54446263,Online,SM,755630,BLK
75563003,"HOOD SWEAT",11,25.05071429,54.99,275.66,604.89,329.23,0.54446263,Online,MED,755630,BLK
75563004,"HOOD SWEAT",6,25.05184211,54.99,150.34,329.94,179.6,0.54446263,Online,LG,755630,BLK
75563005,"HOOD SWEAT",6,25.05230769,54.99,150.34,316.19,165.85,0.54446263,Online,XL,755630,BLK
75563006,"HOOD SWEAT",6,25.05785714,54.99,150.35,280.44,130.09,0.544280778,Online,XXL,755630,BLK
75573203,"HOOD SWEAT",14,25.05470588,54.99,350.77,720.36,369.59,0.54446263,Online,MED,755732,"CHAR GRY"
75573204,"HOOD SWEAT",12,25.05461538,54.99,300.65,593.88,293.23,0.54446263,Online,LG,755732,"CHAR GRY"
75573205,"HOOD SWEAT",4,25.05428571,54.99,100.2,170.46,70.26,0.54446263,Online,XL,755732,"CHAR GRY"
75573206,"HOOD SWEAT",1,25.05,54.99,25.06,38.49,13.43,0.54446263,Online,XXL,755732,"CHAR GRY"
75586002,"HOOD SWEAT",3,25.059,54.99,75.18,148.47,73.29,0.544280778,Online,SM,755860,RD
75586003,"HOOD SWEAT",8,25.05909091,54.99,200.48,426.17,225.69,0.544280778,Online,MED,755860,RD
75586004,"HOOD SWEAT",21,25.05833333,54.99,526.22,1072.29,546.07,0.544280778,Online,LG,755860,RD
75586005,"HOOD SWEAT",11,25.058,54.99,275.59,508.64,233.05,0.544280778,Online,XL,755860,RD
75586006,"HOOD SWEAT",6,25.05777778,54.99,150.27,280.44,130.17,0.544280778,Online,XXL,755860,RD
75593502,"HOOD SWEAT",2,25.059375,54.99,50.11,109.98,59.87,0.544280778,Online,SM,755935,WHT
75593503,"HOOD SWEAT",5,25.055,54.99,125.29,258.45,133.16,0.544280778,Online,MED,755935,WHT
75593504,"HOOD SWEAT",8,25.05473684,54.99,200.48,439.92,239.44,0.54446263,Online,LG,755935,WHT
75593505,"HOOD SWEAT",4,25.05888889,54.99,100.23,173.21,72.98,0.544280778,Online,XL,755935,WHT
75593506,"HOOD SWEAT",3,25.055,54.99,75.16,164.97,89.81,0.544280778,Online,XXL,755935,WHT
75603002,"HOOD SWEAT BLACK SM",4,25.05038462,54.99,100.2,219.96,119.76,0.54446263,Online,SM,756030,BLK
75603003,"HOOD SWEAT BLACK MED",14,25.051,54.99,350.72,758.31,407.59,0.54446263,Online,MED,756030,BLK
75603004,"HOOD SWEAT BLACK LG",28,25.0509375,54.99,701.42,1418.17,716.75,0.54446263,Online,LG,756030,BLK
75603005,"HOOD SWEAT BLACK XL",16,25.05148148,54.99,400.88,813.84,412.96,0.54446263,Online,XL,756030,BLK
75603006,"HOOD SWEAT BLACK XXL",2,25.05428571,54.99,50.08,109.98,59.9,0.54446263,Online,XXL,756030,BLK
75613206,"HOOD SWEAT",1,25.07333333,54.99,26,54.99,28.99,0.544098927,Online,XXL,756132,BLK
75626002,"HOOD SWEAT",1,25.05772727,54.99,25.06,54.99,29.93,0.544280778,Online,SM,756260,RD
75626003,"HOOD SWEAT",10,25.05485714,54.99,250.59,467.4,216.81,0.54446263,Online,MED,756260,RD
75626004,"HOOD SWEAT",12,25.0584375,54.99,300.44,610.38,309.94,0.544280778,Online,LG,756260,RD
75626005,"HOOD SWEAT",3,25.035,54.99,74.67,148.47,73.8,0.544644481,Online,XL,756260,RD
75626006,"HOOD SWEAT",2,25.06,54.99,49.63,93.48,43.85,0.544280778,Online,XXL,756260,RD
75633203,"HOOD SWEAT",2,25.06,54.99,50.12,93.48,43.36,0.544280778,Online,MED,756332,Unknown
75633204,"HOOD SWEAT",2,25.05666667,54.99,50.11,109.98,59.87,0.544280778,Online,LG,756332,Unknown
75633205,"HOOD SWEAT",1,25.05631579,54.99,25.06,54.99,29.93,0.544280778,Online,XL,756332,Unknown
